,fold 1,fold 2,fold 3,fold 4,fold 5,fold 6,fold 7,fold 8,fold 9,fold 10
NORM,0.340703153316419,0.34809215262778975,0.355834829443447,0.3358695652173913,0.33595706618962434,0.33405172413793105,0.3486700215672178,0.3396501457725947,0.3427853553481694,0.3449140401146132
MI,0.1989851395433128,0.19366450683945285,0.1895870736086176,0.1996376811594203,0.20143112701252236,0.20186781609195403,0.19769949676491733,0.19606413994169097,0.19382627422828427,0.1969914040114613
STTC,0.1906487857919536,0.18862491000719941,0.18491921005385997,0.19094202898550725,0.19033989266547405,0.1896551724137931,0.18691588785046728,0.18731778425655976,0.18951902368987797,0.18660458452722062
CD,0.1743385284523378,0.1745860331173506,0.1748653500897666,0.17898550724637682,0.1774597495527728,0.17744252873563218,0.17181883537023723,0.1793002915451895,0.17767408470926058,0.17765042979942694
HYP,0.0953243928959768,0.09503239740820735,0.0947935368043088,0.09456521739130434,0.09481216457960644,0.09698275862068965,0.09489575844716032,0.09766763848396501,0.09619526202440776,0.09383954154727794
